[
  {
    "title": "北京市所有省际客运班线今起全部停运",
    "updataTime": "2020-06-19 09:00",
    "content": "6月18日下午，北京召开疫情防控第125场例行新闻发布会，北京市交通委员会副主任、新闻发言人容军介绍，自6月19日起，北京市所有省际客运站运营的省际客运班线全部停运，将为已购车票的旅客办理全额退票手续。",
    "reading": 3406,
    "comment": 0,
    "src": "01_1.jpg"
  },
  {
    "title": "浙江杭州高三学子备战高考",
    "updataTime": "2020-06-18 23:48",
    "content": "6月18日，浙江省杭州第二中学的高三学生在教室内上课。2020年的高考即将来临，浙江杭州第二中学高三的学子们正在紧张学习备战高考中。",
    "reading": 2328,
    "comment": 3,
    "src": "02_1.jpg"
  },
  {
    "title": "闭园近5个月的香港迪士尼乐园即将重开",
    "updataTime": "2020-06-17 20:24",
    "content": "6月17日，香港迪士尼乐园的保安正在临时开启公园大门。因新冠肺炎疫情闭园近5个月的香港迪士尼乐园将于6月18日重新开放。届时，乐园会实施人数管制、加强健康及安全措施，以及宾客须透过全新的入园系统预约入园；所有宾客进园时，必须通过体温检测及佩戴口罩。",
    "reading": 8765,
    "comment": 0,
    "src": "03_1.jpg"
  },
  {
    "title": "河北：超万吨转体桥上演“空中芭蕾”",
    "updataTime": "2020-06-16 13:39",
    "content": "6月16日拍摄的G107河北邢台段绕城上跨京广铁路转体桥转体过程的拼版照片（无人机照片）。 6月16日凌晨，由中铁十一局承建的G107河北邢台段绕城上跨京广铁路转体桥成功完成历时60分钟的空中转体。这座单墩双肢结构转体桥，转体段长100米、宽34.5米，梁体总重达14200吨。",
    "reading": 3282,
    "comment": 0,
    "src": "04_1.jpg"
  }
]
